gene_id	gene_symbol	description	scientific_name	common_name	tax_id	genomic_range	orientation	location	gene_type	transcript_accession	transcript_name	transcript_length	transcript_cds_coords	protein_accession	isoform_name	protein_length	protein_name
9131	AIFM1	apoptosis inducing factor mitochondria associated 1	Homo sapiens	human	9606	NC_000023.11:130129362-130165841;NC_060947.1:128448167-128484647	-;-	chr X	PROTEIN_CODING	NR_132647.2	transcript variant 6	2282					
9131	AIFM1	apoptosis inducing factor mitochondria associated 1	Homo sapiens	human	9606	NC_000023.11:130129362-130165841;NC_060947.1:128448167-128484647	-;-	chr X	PROTEIN_CODING	NM_145812.3	transcript variant 2	2210	NM_145812.3:186-2015	NP_665811.1	isoform AIF-exB precursor	609	apoptosis-inducing factor 1, mitochondrial
9131	AIFM1	apoptosis inducing factor mitochondria associated 1	Homo sapiens	human	9606	NC_000023.11:130129362-130165841;NC_060947.1:128448167-128484647	-;-	chr X	PROTEIN_CODING	NM_004208.4	transcript variant 1	2222	NM_004208.4:186-2027	NP_004199.1	isoform AIF precursor	613	apoptosis-inducing factor 1, mitochondrial
9131	AIFM1	apoptosis inducing factor mitochondria associated 1	Homo sapiens	human	9606	NC_000023.11:130129362-130165841;NC_060947.1:128448167-128484647	-;-	chr X	PROTEIN_CODING	NM_001130847.4	transcript variant 5	2425	NM_001130847.4:186-1160	NP_001124319.1	isoform AIFsh2 precursor	324	apoptosis-inducing factor 1, mitochondrial
9131	AIFM1	apoptosis inducing factor mitochondria associated 1	Homo sapiens	human	9606	NC_000023.11:130129362-130165841;NC_060947.1:128448167-128484647	-;-	chr X	PROTEIN_CODING	NM_001130846.4	transcript variant 4	1925	NM_001130846.4:906-1730	NP_001124318.2	isoform AIFsh	274	apoptosis-inducing factor 1, mitochondrial
